,name,url,dex_entry,variant
0,bulbasaur,https://pokeapi.co/api/v2/pokemon/1/,1,
1,ivysaur,https://pokeapi.co/api/v2/pokemon/2/,2,
2,venusaur,https://pokeapi.co/api/v2/pokemon/3/,3,
3,charmander,https://pokeapi.co/api/v2/pokemon/4/,4,
4,charmeleon,https://pokeapi.co/api/v2/pokemon/5/,5,
5,charizard,https://pokeapi.co/api/v2/pokemon/6/,6,
6,squirtle,https://pokeapi.co/api/v2/pokemon/7/,7,
7,wartortle,https://pokeapi.co/api/v2/pokemon/8/,8,
8,blastoise,https://pokeapi.co/api/v2/pokemon/9/,9,
9,caterpie,https://pokeapi.co/api/v2/pokemon/10/,10,
10,metapod,https://pokeapi.co/api/v2/pokemon/11/,11,
11,butterfree,https://pokeapi.co/api/v2/pokemon/12/,12,
12,weedle,https://pokeapi.co/api/v2/pokemon/13/,13,
13,kakuna,https://pokeapi.co/api/v2/pokemon/14/,14,
14,beedrill,https://pokeapi.co/api/v2/pokemon/15/,15,
15,pidgey,https://pokeapi.co/api/v2/pokemon/16/,16,
16,pidgeotto,https://pokeapi.co/api/v2/pokemon/17/,17,
17,pidgeot,https://pokeapi.co/api/v2/pokemon/18/,18,
18,rattata,https://pokeapi.co/api/v2/pokemon/19/,19,
19,raticate,https://pokeapi.co/api/v2/pokemon/20/,20,
20,spearow,https://pokeapi.co/api/v2/pokemon/21/,21,
21,fearow,https://pokeapi.co/api/v2/pokemon/22/,22,
22,ekans,https://pokeapi.co/api/v2/pokemon/23/,23,
23,arbok,https://pokeapi.co/api/v2/pokemon/24/,24,
24,pikachu,https://pokeapi.co/api/v2/pokemon/25/,25,
25,raichu,https://pokeapi.co/api/v2/pokemon/26/,26,
26,sandshrew,https://pokeapi.co/api/v2/pokemon/27/,27,
27,sandslash,https://pokeapi.co/api/v2/pokemon/28/,28,
28,nidoran-f,https://pokeapi.co/api/v2/pokemon/29/,29,
29,nidorina,https://pokeapi.co/api/v2/pokemon/30/,30,
30,nidoqueen,https://pokeapi.co/api/v2/pokemon/31/,31,
31,nidoran-m,https://pokeapi.co/api/v2/pokemon/32/,32,
32,nidorino,https://pokeapi.co/api/v2/pokemon/33/,33,
33,nidoking,https://pokeapi.co/api/v2/pokemon/34/,34,
34,clefairy,https://pokeapi.co/api/v2/pokemon/35/,35,
35,clefable,https://pokeapi.co/api/v2/pokemon/36/,36,
36,vulpix,https://pokeapi.co/api/v2/pokemon/37/,37,
37,ninetales,https://pokeapi.co/api/v2/pokemon/38/,38,
38,jigglypuff,https://pokeapi.co/api/v2/pokemon/39/,39,
39,wigglytuff,https://pokeapi.co/api/v2/pokemon/40/,40,
40,zubat,https://pokeapi.co/api/v2/pokemon/41/,41,
41,golbat,https://pokeapi.co/api/v2/pokemon/42/,42,
42,oddish,https://pokeapi.co/api/v2/pokemon/43/,43,
43,gloom,https://pokeapi.co/api/v2/pokemon/44/,44,
44,vileplume,https://pokeapi.co/api/v2/pokemon/45/,45,
45,paras,https://pokeapi.co/api/v2/pokemon/46/,46,
46,parasect,https://pokeapi.co/api/v2/pokemon/47/,47,
47,venonat,https://pokeapi.co/api/v2/pokemon/48/,48,
48,venomoth,https://pokeapi.co/api/v2/pokemon/49/,49,
49,diglett,https://pokeapi.co/api/v2/pokemon/50/,50,
50,dugtrio,https://pokeapi.co/api/v2/pokemon/51/,51,
51,meowth,https://pokeapi.co/api/v2/pokemon/52/,52,
52,persian,https://pokeapi.co/api/v2/pokemon/53/,53,
53,psyduck,https://pokeapi.co/api/v2/pokemon/54/,54,
54,golduck,https://pokeapi.co/api/v2/pokemon/55/,55,
55,mankey,https://pokeapi.co/api/v2/pokemon/56/,56,
56,primeape,https://pokeapi.co/api/v2/pokemon/57/,57,
57,growlithe,https://pokeapi.co/api/v2/pokemon/58/,58,
58,arcanine,https://pokeapi.co/api/v2/pokemon/59/,59,
59,poliwag,https://pokeapi.co/api/v2/pokemon/60/,60,
60,poliwhirl,https://pokeapi.co/api/v2/pokemon/61/,61,
61,poliwrath,https://pokeapi.co/api/v2/pokemon/62/,62,
62,abra,https://pokeapi.co/api/v2/pokemon/63/,63,
63,kadabra,https://pokeapi.co/api/v2/pokemon/64/,64,
64,alakazam,https://pokeapi.co/api/v2/pokemon/65/,65,
65,machop,https://pokeapi.co/api/v2/pokemon/66/,66,
66,machoke,https://pokeapi.co/api/v2/pokemon/67/,67,
67,machamp,https://pokeapi.co/api/v2/pokemon/68/,68,
68,bellsprout,https://pokeapi.co/api/v2/pokemon/69/,69,
69,weepinbell,https://pokeapi.co/api/v2/pokemon/70/,70,
70,victreebel,https://pokeapi.co/api/v2/pokemon/71/,71,
71,tentacool,https://pokeapi.co/api/v2/pokemon/72/,72,
72,tentacruel,https://pokeapi.co/api/v2/pokemon/73/,73,
73,geodude,https://pokeapi.co/api/v2/pokemon/74/,74,
74,graveler,https://pokeapi.co/api/v2/pokemon/75/,75,
75,golem,https://pokeapi.co/api/v2/pokemon/76/,76,
76,ponyta,https://pokeapi.co/api/v2/pokemon/77/,77,
77,rapidash,https://pokeapi.co/api/v2/pokemon/78/,78,
78,slowpoke,https://pokeapi.co/api/v2/pokemon/79/,79,
79,slowbro,https://pokeapi.co/api/v2/pokemon/80/,80,
80,magnemite,https://pokeapi.co/api/v2/pokemon/81/,81,
81,magneton,https://pokeapi.co/api/v2/pokemon/82/,82,
82,farfetchd,https://pokeapi.co/api/v2/pokemon/83/,83,
83,doduo,https://pokeapi.co/api/v2/pokemon/84/,84,
84,dodrio,https://pokeapi.co/api/v2/pokemon/85/,85,
85,seel,https://pokeapi.co/api/v2/pokemon/86/,86,
86,dewgong,https://pokeapi.co/api/v2/pokemon/87/,87,
87,grimer,https://pokeapi.co/api/v2/pokemon/88/,88,
88,muk,https://pokeapi.co/api/v2/pokemon/89/,89,
89,shellder,https://pokeapi.co/api/v2/pokemon/90/,90,
90,cloyster,https://pokeapi.co/api/v2/pokemon/91/,91,
91,gastly,https://pokeapi.co/api/v2/pokemon/92/,92,
92,haunter,https://pokeapi.co/api/v2/pokemon/93/,93,
93,gengar,https://pokeapi.co/api/v2/pokemon/94/,94,
94,onix,https://pokeapi.co/api/v2/pokemon/95/,95,
95,drowzee,https://pokeapi.co/api/v2/pokemon/96/,96,
96,hypno,https://pokeapi.co/api/v2/pokemon/97/,97,
97,krabby,https://pokeapi.co/api/v2/pokemon/98/,98,
98,kingler,https://pokeapi.co/api/v2/pokemon/99/,99,
99,voltorb,https://pokeapi.co/api/v2/pokemon/100/,100,
100,electrode,https://pokeapi.co/api/v2/pokemon/101/,101,
101,exeggcute,https://pokeapi.co/api/v2/pokemon/102/,102,
102,exeggutor,https://pokeapi.co/api/v2/pokemon/103/,103,
103,cubone,https://pokeapi.co/api/v2/pokemon/104/,104,
104,marowak,https://pokeapi.co/api/v2/pokemon/105/,105,
105,hitmonlee,https://pokeapi.co/api/v2/pokemon/106/,106,
106,hitmonchan,https://pokeapi.co/api/v2/pokemon/107/,107,
107,lickitung,https://pokeapi.co/api/v2/pokemon/108/,108,
108,koffing,https://pokeapi.co/api/v2/pokemon/109/,109,
109,weezing,https://pokeapi.co/api/v2/pokemon/110/,110,
110,rhyhorn,https://pokeapi.co/api/v2/pokemon/111/,111,
111,rhydon,https://pokeapi.co/api/v2/pokemon/112/,112,
112,chansey,https://pokeapi.co/api/v2/pokemon/113/,113,
113,tangela,https://pokeapi.co/api/v2/pokemon/114/,114,
114,kangaskhan,https://pokeapi.co/api/v2/pokemon/115/,115,
115,horsea,https://pokeapi.co/api/v2/pokemon/116/,116,
116,seadra,https://pokeapi.co/api/v2/pokemon/117/,117,
117,goldeen,https://pokeapi.co/api/v2/pokemon/118/,118,
118,seaking,https://pokeapi.co/api/v2/pokemon/119/,119,
119,staryu,https://pokeapi.co/api/v2/pokemon/120/,120,
120,starmie,https://pokeapi.co/api/v2/pokemon/121/,121,
121,mr-mime,https://pokeapi.co/api/v2/pokemon/122/,122,
122,scyther,https://pokeapi.co/api/v2/pokemon/123/,123,
123,jynx,https://pokeapi.co/api/v2/pokemon/124/,124,
124,electabuzz,https://pokeapi.co/api/v2/pokemon/125/,125,
125,magmar,https://pokeapi.co/api/v2/pokemon/126/,126,
126,pinsir,https://pokeapi.co/api/v2/pokemon/127/,127,
127,tauros,https://pokeapi.co/api/v2/pokemon/128/,128,
128,magikarp,https://pokeapi.co/api/v2/pokemon/129/,129,
129,gyarados,https://pokeapi.co/api/v2/pokemon/130/,130,
130,lapras,https://pokeapi.co/api/v2/pokemon/131/,131,
131,ditto,https://pokeapi.co/api/v2/pokemon/132/,132,
132,eevee,https://pokeapi.co/api/v2/pokemon/133/,133,
133,vaporeon,https://pokeapi.co/api/v2/pokemon/134/,134,
134,jolteon,https://pokeapi.co/api/v2/pokemon/135/,135,
135,flareon,https://pokeapi.co/api/v2/pokemon/136/,136,
136,porygon,https://pokeapi.co/api/v2/pokemon/137/,137,
137,omanyte,https://pokeapi.co/api/v2/pokemon/138/,138,
138,omastar,https://pokeapi.co/api/v2/pokemon/139/,139,
139,kabuto,https://pokeapi.co/api/v2/pokemon/140/,140,
140,kabutops,https://pokeapi.co/api/v2/pokemon/141/,141,
141,aerodactyl,https://pokeapi.co/api/v2/pokemon/142/,142,
142,snorlax,https://pokeapi.co/api/v2/pokemon/143/,143,
143,articuno,https://pokeapi.co/api/v2/pokemon/144/,144,
144,zapdos,https://pokeapi.co/api/v2/pokemon/145/,145,
145,moltres,https://pokeapi.co/api/v2/pokemon/146/,146,
146,dratini,https://pokeapi.co/api/v2/pokemon/147/,147,
147,dragonair,https://pokeapi.co/api/v2/pokemon/148/,148,
148,dragonite,https://pokeapi.co/api/v2/pokemon/149/,149,
149,mewtwo,https://pokeapi.co/api/v2/pokemon/150/,150,
150,mew,https://pokeapi.co/api/v2/pokemon/151/,151,
151,chikorita,https://pokeapi.co/api/v2/pokemon/152/,152,
152,bayleef,https://pokeapi.co/api/v2/pokemon/153/,153,
153,meganium,https://pokeapi.co/api/v2/pokemon/154/,154,
154,cyndaquil,https://pokeapi.co/api/v2/pokemon/155/,155,
155,quilava,https://pokeapi.co/api/v2/pokemon/156/,156,
156,typhlosion,https://pokeapi.co/api/v2/pokemon/157/,157,
157,totodile,https://pokeapi.co/api/v2/pokemon/158/,158,
158,croconaw,https://pokeapi.co/api/v2/pokemon/159/,159,
159,feraligatr,https://pokeapi.co/api/v2/pokemon/160/,160,
160,sentret,https://pokeapi.co/api/v2/pokemon/161/,161,
161,furret,https://pokeapi.co/api/v2/pokemon/162/,162,
162,hoothoot,https://pokeapi.co/api/v2/pokemon/163/,163,
163,noctowl,https://pokeapi.co/api/v2/pokemon/164/,164,
164,ledyba,https://pokeapi.co/api/v2/pokemon/165/,165,
165,ledian,https://pokeapi.co/api/v2/pokemon/166/,166,
166,spinarak,https://pokeapi.co/api/v2/pokemon/167/,167,
167,ariados,https://pokeapi.co/api/v2/pokemon/168/,168,
168,crobat,https://pokeapi.co/api/v2/pokemon/169/,169,
169,chinchou,https://pokeapi.co/api/v2/pokemon/170/,170,
170,lanturn,https://pokeapi.co/api/v2/pokemon/171/,171,
171,pichu,https://pokeapi.co/api/v2/pokemon/172/,172,
172,cleffa,https://pokeapi.co/api/v2/pokemon/173/,173,
173,igglybuff,https://pokeapi.co/api/v2/pokemon/174/,174,
174,togepi,https://pokeapi.co/api/v2/pokemon/175/,175,
175,togetic,https://pokeapi.co/api/v2/pokemon/176/,176,
176,natu,https://pokeapi.co/api/v2/pokemon/177/,177,
177,xatu,https://pokeapi.co/api/v2/pokemon/178/,178,
178,mareep,https://pokeapi.co/api/v2/pokemon/179/,179,
179,flaaffy,https://pokeapi.co/api/v2/pokemon/180/,180,
180,ampharos,https://pokeapi.co/api/v2/pokemon/181/,181,
181,bellossom,https://pokeapi.co/api/v2/pokemon/182/,182,
182,marill,https://pokeapi.co/api/v2/pokemon/183/,183,
183,azumarill,https://pokeapi.co/api/v2/pokemon/184/,184,
184,sudowoodo,https://pokeapi.co/api/v2/pokemon/185/,185,
185,politoed,https://pokeapi.co/api/v2/pokemon/186/,186,
186,hoppip,https://pokeapi.co/api/v2/pokemon/187/,187,
187,skiploom,https://pokeapi.co/api/v2/pokemon/188/,188,
188,jumpluff,https://pokeapi.co/api/v2/pokemon/189/,189,
189,aipom,https://pokeapi.co/api/v2/pokemon/190/,190,
190,sunkern,https://pokeapi.co/api/v2/pokemon/191/,191,
191,sunflora,https://pokeapi.co/api/v2/pokemon/192/,192,
192,yanma,https://pokeapi.co/api/v2/pokemon/193/,193,
193,wooper,https://pokeapi.co/api/v2/pokemon/194/,194,
194,quagsire,https://pokeapi.co/api/v2/pokemon/195/,195,
195,espeon,https://pokeapi.co/api/v2/pokemon/196/,196,
196,umbreon,https://pokeapi.co/api/v2/pokemon/197/,197,
197,murkrow,https://pokeapi.co/api/v2/pokemon/198/,198,
198,slowking,https://pokeapi.co/api/v2/pokemon/199/,199,
199,misdreavus,https://pokeapi.co/api/v2/pokemon/200/,200,
200,unown,https://pokeapi.co/api/v2/pokemon/201/,201,
201,wobbuffet,https://pokeapi.co/api/v2/pokemon/202/,202,
202,girafarig,https://pokeapi.co/api/v2/pokemon/203/,203,
203,pineco,https://pokeapi.co/api/v2/pokemon/204/,204,
204,forretress,https://pokeapi.co/api/v2/pokemon/205/,205,
205,dunsparce,https://pokeapi.co/api/v2/pokemon/206/,206,
206,gligar,https://pokeapi.co/api/v2/pokemon/207/,207,
207,steelix,https://pokeapi.co/api/v2/pokemon/208/,208,
208,snubbull,https://pokeapi.co/api/v2/pokemon/209/,209,
209,granbull,https://pokeapi.co/api/v2/pokemon/210/,210,
210,qwilfish,https://pokeapi.co/api/v2/pokemon/211/,211,
211,scizor,https://pokeapi.co/api/v2/pokemon/212/,212,
212,shuckle,https://pokeapi.co/api/v2/pokemon/213/,213,
213,heracross,https://pokeapi.co/api/v2/pokemon/214/,214,
214,sneasel,https://pokeapi.co/api/v2/pokemon/215/,215,
215,teddiursa,https://pokeapi.co/api/v2/pokemon/216/,216,
216,ursaring,https://pokeapi.co/api/v2/pokemon/217/,217,
217,slugma,https://pokeapi.co/api/v2/pokemon/218/,218,
218,magcargo,https://pokeapi.co/api/v2/pokemon/219/,219,
219,swinub,https://pokeapi.co/api/v2/pokemon/220/,220,
220,piloswine,https://pokeapi.co/api/v2/pokemon/221/,221,
221,corsola,https://pokeapi.co/api/v2/pokemon/222/,222,
222,remoraid,https://pokeapi.co/api/v2/pokemon/223/,223,
223,octillery,https://pokeapi.co/api/v2/pokemon/224/,224,
224,delibird,https://pokeapi.co/api/v2/pokemon/225/,225,
225,mantine,https://pokeapi.co/api/v2/pokemon/226/,226,
226,skarmory,https://pokeapi.co/api/v2/pokemon/227/,227,
227,houndour,https://pokeapi.co/api/v2/pokemon/228/,228,
228,houndoom,https://pokeapi.co/api/v2/pokemon/229/,229,
229,kingdra,https://pokeapi.co/api/v2/pokemon/230/,230,
230,phanpy,https://pokeapi.co/api/v2/pokemon/231/,231,
231,donphan,https://pokeapi.co/api/v2/pokemon/232/,232,
232,porygon2,https://pokeapi.co/api/v2/pokemon/233/,233,
233,stantler,https://pokeapi.co/api/v2/pokemon/234/,234,
234,smeargle,https://pokeapi.co/api/v2/pokemon/235/,235,
235,tyrogue,https://pokeapi.co/api/v2/pokemon/236/,236,
236,hitmontop,https://pokeapi.co/api/v2/pokemon/237/,237,
237,smoochum,https://pokeapi.co/api/v2/pokemon/238/,238,
238,elekid,https://pokeapi.co/api/v2/pokemon/239/,239,
239,magby,https://pokeapi.co/api/v2/pokemon/240/,240,
240,miltank,https://pokeapi.co/api/v2/pokemon/241/,241,
241,blissey,https://pokeapi.co/api/v2/pokemon/242/,242,
242,raikou,https://pokeapi.co/api/v2/pokemon/243/,243,
243,entei,https://pokeapi.co/api/v2/pokemon/244/,244,
244,suicune,https://pokeapi.co/api/v2/pokemon/245/,245,
245,larvitar,https://pokeapi.co/api/v2/pokemon/246/,246,
246,pupitar,https://pokeapi.co/api/v2/pokemon/247/,247,
247,tyranitar,https://pokeapi.co/api/v2/pokemon/248/,248,
248,lugia,https://pokeapi.co/api/v2/pokemon/249/,249,
249,ho-oh,https://pokeapi.co/api/v2/pokemon/250/,250,
250,celebi,https://pokeapi.co/api/v2/pokemon/251/,251,
251,treecko,https://pokeapi.co/api/v2/pokemon/252/,252,
252,grovyle,https://pokeapi.co/api/v2/pokemon/253/,253,
253,sceptile,https://pokeapi.co/api/v2/pokemon/254/,254,
254,torchic,https://pokeapi.co/api/v2/pokemon/255/,255,
255,combusken,https://pokeapi.co/api/v2/pokemon/256/,256,
256,blaziken,https://pokeapi.co/api/v2/pokemon/257/,257,
257,mudkip,https://pokeapi.co/api/v2/pokemon/258/,258,
258,marshtomp,https://pokeapi.co/api/v2/pokemon/259/,259,
259,swampert,https://pokeapi.co/api/v2/pokemon/260/,260,
260,poochyena,https://pokeapi.co/api/v2/pokemon/261/,261,
261,mightyena,https://pokeapi.co/api/v2/pokemon/262/,262,
262,zigzagoon,https://pokeapi.co/api/v2/pokemon/263/,263,
263,linoone,https://pokeapi.co/api/v2/pokemon/264/,264,
264,wurmple,https://pokeapi.co/api/v2/pokemon/265/,265,
265,silcoon,https://pokeapi.co/api/v2/pokemon/266/,266,
266,beautifly,https://pokeapi.co/api/v2/pokemon/267/,267,
267,cascoon,https://pokeapi.co/api/v2/pokemon/268/,268,
268,dustox,https://pokeapi.co/api/v2/pokemon/269/,269,
269,lotad,https://pokeapi.co/api/v2/pokemon/270/,270,
270,lombre,https://pokeapi.co/api/v2/pokemon/271/,271,
271,ludicolo,https://pokeapi.co/api/v2/pokemon/272/,272,
272,seedot,https://pokeapi.co/api/v2/pokemon/273/,273,
273,nuzleaf,https://pokeapi.co/api/v2/pokemon/274/,274,
274,shiftry,https://pokeapi.co/api/v2/pokemon/275/,275,
275,taillow,https://pokeapi.co/api/v2/pokemon/276/,276,
276,swellow,https://pokeapi.co/api/v2/pokemon/277/,277,
277,wingull,https://pokeapi.co/api/v2/pokemon/278/,278,
278,pelipper,https://pokeapi.co/api/v2/pokemon/279/,279,
279,ralts,https://pokeapi.co/api/v2/pokemon/280/,280,
280,kirlia,https://pokeapi.co/api/v2/pokemon/281/,281,
281,gardevoir,https://pokeapi.co/api/v2/pokemon/282/,282,
282,surskit,https://pokeapi.co/api/v2/pokemon/283/,283,
283,masquerain,https://pokeapi.co/api/v2/pokemon/284/,284,
284,shroomish,https://pokeapi.co/api/v2/pokemon/285/,285,
285,breloom,https://pokeapi.co/api/v2/pokemon/286/,286,
286,slakoth,https://pokeapi.co/api/v2/pokemon/287/,287,
287,vigoroth,https://pokeapi.co/api/v2/pokemon/288/,288,
288,slaking,https://pokeapi.co/api/v2/pokemon/289/,289,
289,nincada,https://pokeapi.co/api/v2/pokemon/290/,290,
290,ninjask,https://pokeapi.co/api/v2/pokemon/291/,291,
291,shedinja,https://pokeapi.co/api/v2/pokemon/292/,292,
292,whismur,https://pokeapi.co/api/v2/pokemon/293/,293,
293,loudred,https://pokeapi.co/api/v2/pokemon/294/,294,
294,exploud,https://pokeapi.co/api/v2/pokemon/295/,295,
295,makuhita,https://pokeapi.co/api/v2/pokemon/296/,296,
296,hariyama,https://pokeapi.co/api/v2/pokemon/297/,297,
297,azurill,https://pokeapi.co/api/v2/pokemon/298/,298,
298,nosepass,https://pokeapi.co/api/v2/pokemon/299/,299,
299,skitty,https://pokeapi.co/api/v2/pokemon/300/,300,
300,delcatty,https://pokeapi.co/api/v2/pokemon/301/,301,
301,sableye,https://pokeapi.co/api/v2/pokemon/302/,302,
302,mawile,https://pokeapi.co/api/v2/pokemon/303/,303,
303,aron,https://pokeapi.co/api/v2/pokemon/304/,304,
304,lairon,https://pokeapi.co/api/v2/pokemon/305/,305,
305,aggron,https://pokeapi.co/api/v2/pokemon/306/,306,
306,meditite,https://pokeapi.co/api/v2/pokemon/307/,307,
307,medicham,https://pokeapi.co/api/v2/pokemon/308/,308,
308,electrike,https://pokeapi.co/api/v2/pokemon/309/,309,
309,manectric,https://pokeapi.co/api/v2/pokemon/310/,310,
310,plusle,https://pokeapi.co/api/v2/pokemon/311/,311,
311,minun,https://pokeapi.co/api/v2/pokemon/312/,312,
312,volbeat,https://pokeapi.co/api/v2/pokemon/313/,313,
313,illumise,https://pokeapi.co/api/v2/pokemon/314/,314,
314,roselia,https://pokeapi.co/api/v2/pokemon/315/,315,
315,gulpin,https://pokeapi.co/api/v2/pokemon/316/,316,
316,swalot,https://pokeapi.co/api/v2/pokemon/317/,317,
317,carvanha,https://pokeapi.co/api/v2/pokemon/318/,318,
318,sharpedo,https://pokeapi.co/api/v2/pokemon/319/,319,
319,wailmer,https://pokeapi.co/api/v2/pokemon/320/,320,
320,wailord,https://pokeapi.co/api/v2/pokemon/321/,321,
321,numel,https://pokeapi.co/api/v2/pokemon/322/,322,
322,camerupt,https://pokeapi.co/api/v2/pokemon/323/,323,
323,torkoal,https://pokeapi.co/api/v2/pokemon/324/,324,
324,spoink,https://pokeapi.co/api/v2/pokemon/325/,325,
325,grumpig,https://pokeapi.co/api/v2/pokemon/326/,326,
326,spinda,https://pokeapi.co/api/v2/pokemon/327/,327,
327,trapinch,https://pokeapi.co/api/v2/pokemon/328/,328,
328,vibrava,https://pokeapi.co/api/v2/pokemon/329/,329,
329,flygon,https://pokeapi.co/api/v2/pokemon/330/,330,
330,cacnea,https://pokeapi.co/api/v2/pokemon/331/,331,
331,cacturne,https://pokeapi.co/api/v2/pokemon/332/,332,
332,swablu,https://pokeapi.co/api/v2/pokemon/333/,333,
333,altaria,https://pokeapi.co/api/v2/pokemon/334/,334,
334,zangoose,https://pokeapi.co/api/v2/pokemon/335/,335,
335,seviper,https://pokeapi.co/api/v2/pokemon/336/,336,
336,lunatone,https://pokeapi.co/api/v2/pokemon/337/,337,
337,solrock,https://pokeapi.co/api/v2/pokemon/338/,338,
338,barboach,https://pokeapi.co/api/v2/pokemon/339/,339,
339,whiscash,https://pokeapi.co/api/v2/pokemon/340/,340,
340,corphish,https://pokeapi.co/api/v2/pokemon/341/,341,
341,crawdaunt,https://pokeapi.co/api/v2/pokemon/342/,342,
342,baltoy,https://pokeapi.co/api/v2/pokemon/343/,343,
343,claydol,https://pokeapi.co/api/v2/pokemon/344/,344,
344,lileep,https://pokeapi.co/api/v2/pokemon/345/,345,
345,cradily,https://pokeapi.co/api/v2/pokemon/346/,346,
346,anorith,https://pokeapi.co/api/v2/pokemon/347/,347,
347,armaldo,https://pokeapi.co/api/v2/pokemon/348/,348,
348,feebas,https://pokeapi.co/api/v2/pokemon/349/,349,
349,milotic,https://pokeapi.co/api/v2/pokemon/350/,350,
350,castform,https://pokeapi.co/api/v2/pokemon/351/,351,
351,kecleon,https://pokeapi.co/api/v2/pokemon/352/,352,
352,shuppet,https://pokeapi.co/api/v2/pokemon/353/,353,
353,banette,https://pokeapi.co/api/v2/pokemon/354/,354,
354,duskull,https://pokeapi.co/api/v2/pokemon/355/,355,
355,dusclops,https://pokeapi.co/api/v2/pokemon/356/,356,
356,tropius,https://pokeapi.co/api/v2/pokemon/357/,357,
357,chimecho,https://pokeapi.co/api/v2/pokemon/358/,358,
358,absol,https://pokeapi.co/api/v2/pokemon/359/,359,
359,wynaut,https://pokeapi.co/api/v2/pokemon/360/,360,
360,snorunt,https://pokeapi.co/api/v2/pokemon/361/,361,
361,glalie,https://pokeapi.co/api/v2/pokemon/362/,362,
362,spheal,https://pokeapi.co/api/v2/pokemon/363/,363,
363,sealeo,https://pokeapi.co/api/v2/pokemon/364/,364,
364,walrein,https://pokeapi.co/api/v2/pokemon/365/,365,
365,clamperl,https://pokeapi.co/api/v2/pokemon/366/,366,
366,huntail,https://pokeapi.co/api/v2/pokemon/367/,367,
367,gorebyss,https://pokeapi.co/api/v2/pokemon/368/,368,
368,relicanth,https://pokeapi.co/api/v2/pokemon/369/,369,
369,luvdisc,https://pokeapi.co/api/v2/pokemon/370/,370,
370,bagon,https://pokeapi.co/api/v2/pokemon/371/,371,
371,shelgon,https://pokeapi.co/api/v2/pokemon/372/,372,
372,salamence,https://pokeapi.co/api/v2/pokemon/373/,373,
373,beldum,https://pokeapi.co/api/v2/pokemon/374/,374,
374,metang,https://pokeapi.co/api/v2/pokemon/375/,375,
375,metagross,https://pokeapi.co/api/v2/pokemon/376/,376,
376,regirock,https://pokeapi.co/api/v2/pokemon/377/,377,
377,regice,https://pokeapi.co/api/v2/pokemon/378/,378,
378,registeel,https://pokeapi.co/api/v2/pokemon/379/,379,
379,latias,https://pokeapi.co/api/v2/pokemon/380/,380,
380,latios,https://pokeapi.co/api/v2/pokemon/381/,381,
381,kyogre,https://pokeapi.co/api/v2/pokemon/382/,382,
382,groudon,https://pokeapi.co/api/v2/pokemon/383/,383,
383,rayquaza,https://pokeapi.co/api/v2/pokemon/384/,384,
384,jirachi,https://pokeapi.co/api/v2/pokemon/385/,385,
385,deoxys-normal,https://pokeapi.co/api/v2/pokemon/386/,386,
386,turtwig,https://pokeapi.co/api/v2/pokemon/387/,387,
387,grotle,https://pokeapi.co/api/v2/pokemon/388/,388,
388,torterra,https://pokeapi.co/api/v2/pokemon/389/,389,
389,chimchar,https://pokeapi.co/api/v2/pokemon/390/,390,
390,monferno,https://pokeapi.co/api/v2/pokemon/391/,391,
391,infernape,https://pokeapi.co/api/v2/pokemon/392/,392,
392,piplup,https://pokeapi.co/api/v2/pokemon/393/,393,
393,prinplup,https://pokeapi.co/api/v2/pokemon/394/,394,
394,empoleon,https://pokeapi.co/api/v2/pokemon/395/,395,
395,starly,https://pokeapi.co/api/v2/pokemon/396/,396,
396,staravia,https://pokeapi.co/api/v2/pokemon/397/,397,
397,staraptor,https://pokeapi.co/api/v2/pokemon/398/,398,
398,bidoof,https://pokeapi.co/api/v2/pokemon/399/,399,
399,bibarel,https://pokeapi.co/api/v2/pokemon/400/,400,
400,kricketot,https://pokeapi.co/api/v2/pokemon/401/,401,
401,kricketune,https://pokeapi.co/api/v2/pokemon/402/,402,
402,shinx,https://pokeapi.co/api/v2/pokemon/403/,403,
403,luxio,https://pokeapi.co/api/v2/pokemon/404/,404,
404,luxray,https://pokeapi.co/api/v2/pokemon/405/,405,
405,budew,https://pokeapi.co/api/v2/pokemon/406/,406,
406,roserade,https://pokeapi.co/api/v2/pokemon/407/,407,
407,cranidos,https://pokeapi.co/api/v2/pokemon/408/,408,
408,rampardos,https://pokeapi.co/api/v2/pokemon/409/,409,
409,shieldon,https://pokeapi.co/api/v2/pokemon/410/,410,
410,bastiodon,https://pokeapi.co/api/v2/pokemon/411/,411,
411,burmy,https://pokeapi.co/api/v2/pokemon/412/,412,
412,wormadam-plant,https://pokeapi.co/api/v2/pokemon/413/,413,
413,mothim,https://pokeapi.co/api/v2/pokemon/414/,414,
414,combee,https://pokeapi.co/api/v2/pokemon/415/,415,
415,vespiquen,https://pokeapi.co/api/v2/pokemon/416/,416,
416,pachirisu,https://pokeapi.co/api/v2/pokemon/417/,417,
417,buizel,https://pokeapi.co/api/v2/pokemon/418/,418,
418,floatzel,https://pokeapi.co/api/v2/pokemon/419/,419,
419,cherubi,https://pokeapi.co/api/v2/pokemon/420/,420,
420,cherrim,https://pokeapi.co/api/v2/pokemon/421/,421,
421,shellos,https://pokeapi.co/api/v2/pokemon/422/,422,
422,gastrodon,https://pokeapi.co/api/v2/pokemon/423/,423,
423,ambipom,https://pokeapi.co/api/v2/pokemon/424/,424,
424,drifloon,https://pokeapi.co/api/v2/pokemon/425/,425,
425,drifblim,https://pokeapi.co/api/v2/pokemon/426/,426,
426,buneary,https://pokeapi.co/api/v2/pokemon/427/,427,
427,lopunny,https://pokeapi.co/api/v2/pokemon/428/,428,
428,mismagius,https://pokeapi.co/api/v2/pokemon/429/,429,
429,honchkrow,https://pokeapi.co/api/v2/pokemon/430/,430,
430,glameow,https://pokeapi.co/api/v2/pokemon/431/,431,
431,purugly,https://pokeapi.co/api/v2/pokemon/432/,432,
432,chingling,https://pokeapi.co/api/v2/pokemon/433/,433,
433,stunky,https://pokeapi.co/api/v2/pokemon/434/,434,
434,skuntank,https://pokeapi.co/api/v2/pokemon/435/,435,
435,bronzor,https://pokeapi.co/api/v2/pokemon/436/,436,
436,bronzong,https://pokeapi.co/api/v2/pokemon/437/,437,
437,bonsly,https://pokeapi.co/api/v2/pokemon/438/,438,
438,mime-jr,https://pokeapi.co/api/v2/pokemon/439/,439,
439,happiny,https://pokeapi.co/api/v2/pokemon/440/,440,
440,chatot,https://pokeapi.co/api/v2/pokemon/441/,441,
441,spiritomb,https://pokeapi.co/api/v2/pokemon/442/,442,
442,gible,https://pokeapi.co/api/v2/pokemon/443/,443,
443,gabite,https://pokeapi.co/api/v2/pokemon/444/,444,
444,garchomp,https://pokeapi.co/api/v2/pokemon/445/,445,
445,munchlax,https://pokeapi.co/api/v2/pokemon/446/,446,
446,riolu,https://pokeapi.co/api/v2/pokemon/447/,447,
447,lucario,https://pokeapi.co/api/v2/pokemon/448/,448,
448,hippopotas,https://pokeapi.co/api/v2/pokemon/449/,449,
449,hippowdon,https://pokeapi.co/api/v2/pokemon/450/,450,
450,skorupi,https://pokeapi.co/api/v2/pokemon/451/,451,
451,drapion,https://pokeapi.co/api/v2/pokemon/452/,452,
452,croagunk,https://pokeapi.co/api/v2/pokemon/453/,453,
453,toxicroak,https://pokeapi.co/api/v2/pokemon/454/,454,
454,carnivine,https://pokeapi.co/api/v2/pokemon/455/,455,
455,finneon,https://pokeapi.co/api/v2/pokemon/456/,456,
456,lumineon,https://pokeapi.co/api/v2/pokemon/457/,457,
457,mantyke,https://pokeapi.co/api/v2/pokemon/458/,458,
458,snover,https://pokeapi.co/api/v2/pokemon/459/,459,
459,abomasnow,https://pokeapi.co/api/v2/pokemon/460/,460,
460,weavile,https://pokeapi.co/api/v2/pokemon/461/,461,
461,magnezone,https://pokeapi.co/api/v2/pokemon/462/,462,
462,lickilicky,https://pokeapi.co/api/v2/pokemon/463/,463,
463,rhyperior,https://pokeapi.co/api/v2/pokemon/464/,464,
464,tangrowth,https://pokeapi.co/api/v2/pokemon/465/,465,
465,electivire,https://pokeapi.co/api/v2/pokemon/466/,466,
466,magmortar,https://pokeapi.co/api/v2/pokemon/467/,467,
467,togekiss,https://pokeapi.co/api/v2/pokemon/468/,468,
468,yanmega,https://pokeapi.co/api/v2/pokemon/469/,469,
469,leafeon,https://pokeapi.co/api/v2/pokemon/470/,470,
470,glaceon,https://pokeapi.co/api/v2/pokemon/471/,471,
471,gliscor,https://pokeapi.co/api/v2/pokemon/472/,472,
472,mamoswine,https://pokeapi.co/api/v2/pokemon/473/,473,
473,porygon-z,https://pokeapi.co/api/v2/pokemon/474/,474,
474,gallade,https://pokeapi.co/api/v2/pokemon/475/,475,
475,probopass,https://pokeapi.co/api/v2/pokemon/476/,476,
476,dusknoir,https://pokeapi.co/api/v2/pokemon/477/,477,
477,froslass,https://pokeapi.co/api/v2/pokemon/478/,478,
478,rotom,https://pokeapi.co/api/v2/pokemon/479/,479,
479,uxie,https://pokeapi.co/api/v2/pokemon/480/,480,
480,mesprit,https://pokeapi.co/api/v2/pokemon/481/,481,
481,azelf,https://pokeapi.co/api/v2/pokemon/482/,482,
482,dialga,https://pokeapi.co/api/v2/pokemon/483/,483,
483,palkia,https://pokeapi.co/api/v2/pokemon/484/,484,
484,heatran,https://pokeapi.co/api/v2/pokemon/485/,485,
485,regigigas,https://pokeapi.co/api/v2/pokemon/486/,486,
486,giratina-altered,https://pokeapi.co/api/v2/pokemon/487/,487,
487,cresselia,https://pokeapi.co/api/v2/pokemon/488/,488,
488,phione,https://pokeapi.co/api/v2/pokemon/489/,489,
489,manaphy,https://pokeapi.co/api/v2/pokemon/490/,490,
490,darkrai,https://pokeapi.co/api/v2/pokemon/491/,491,
491,shaymin-land,https://pokeapi.co/api/v2/pokemon/492/,492,
492,arceus,https://pokeapi.co/api/v2/pokemon/493/,493,
493,victini,https://pokeapi.co/api/v2/pokemon/494/,494,
494,snivy,https://pokeapi.co/api/v2/pokemon/495/,495,
495,servine,https://pokeapi.co/api/v2/pokemon/496/,496,
496,serperior,https://pokeapi.co/api/v2/pokemon/497/,497,
497,tepig,https://pokeapi.co/api/v2/pokemon/498/,498,
498,pignite,https://pokeapi.co/api/v2/pokemon/499/,499,
499,emboar,https://pokeapi.co/api/v2/pokemon/500/,500,
500,oshawott,https://pokeapi.co/api/v2/pokemon/501/,501,
501,dewott,https://pokeapi.co/api/v2/pokemon/502/,502,
502,samurott,https://pokeapi.co/api/v2/pokemon/503/,503,
503,patrat,https://pokeapi.co/api/v2/pokemon/504/,504,
504,watchog,https://pokeapi.co/api/v2/pokemon/505/,505,
505,lillipup,https://pokeapi.co/api/v2/pokemon/506/,506,
506,herdier,https://pokeapi.co/api/v2/pokemon/507/,507,
507,stoutland,https://pokeapi.co/api/v2/pokemon/508/,508,
508,purrloin,https://pokeapi.co/api/v2/pokemon/509/,509,
509,liepard,https://pokeapi.co/api/v2/pokemon/510/,510,
510,pansage,https://pokeapi.co/api/v2/pokemon/511/,511,
511,simisage,https://pokeapi.co/api/v2/pokemon/512/,512,
512,pansear,https://pokeapi.co/api/v2/pokemon/513/,513,
513,simisear,https://pokeapi.co/api/v2/pokemon/514/,514,
514,panpour,https://pokeapi.co/api/v2/pokemon/515/,515,
515,simipour,https://pokeapi.co/api/v2/pokemon/516/,516,
516,munna,https://pokeapi.co/api/v2/pokemon/517/,517,
517,musharna,https://pokeapi.co/api/v2/pokemon/518/,518,
518,pidove,https://pokeapi.co/api/v2/pokemon/519/,519,
519,tranquill,https://pokeapi.co/api/v2/pokemon/520/,520,
520,unfezant,https://pokeapi.co/api/v2/pokemon/521/,521,
521,blitzle,https://pokeapi.co/api/v2/pokemon/522/,522,
522,zebstrika,https://pokeapi.co/api/v2/pokemon/523/,523,
523,roggenrola,https://pokeapi.co/api/v2/pokemon/524/,524,
524,boldore,https://pokeapi.co/api/v2/pokemon/525/,525,
525,gigalith,https://pokeapi.co/api/v2/pokemon/526/,526,
526,woobat,https://pokeapi.co/api/v2/pokemon/527/,527,
527,swoobat,https://pokeapi.co/api/v2/pokemon/528/,528,
528,drilbur,https://pokeapi.co/api/v2/pokemon/529/,529,
529,excadrill,https://pokeapi.co/api/v2/pokemon/530/,530,
530,audino,https://pokeapi.co/api/v2/pokemon/531/,531,
531,timburr,https://pokeapi.co/api/v2/pokemon/532/,532,
532,gurdurr,https://pokeapi.co/api/v2/pokemon/533/,533,
533,conkeldurr,https://pokeapi.co/api/v2/pokemon/534/,534,
534,tympole,https://pokeapi.co/api/v2/pokemon/535/,535,
535,palpitoad,https://pokeapi.co/api/v2/pokemon/536/,536,
536,seismitoad,https://pokeapi.co/api/v2/pokemon/537/,537,
537,throh,https://pokeapi.co/api/v2/pokemon/538/,538,
538,sawk,https://pokeapi.co/api/v2/pokemon/539/,539,
539,sewaddle,https://pokeapi.co/api/v2/pokemon/540/,540,
540,swadloon,https://pokeapi.co/api/v2/pokemon/541/,541,
541,leavanny,https://pokeapi.co/api/v2/pokemon/542/,542,
542,venipede,https://pokeapi.co/api/v2/pokemon/543/,543,
543,whirlipede,https://pokeapi.co/api/v2/pokemon/544/,544,
544,scolipede,https://pokeapi.co/api/v2/pokemon/545/,545,
545,cottonee,https://pokeapi.co/api/v2/pokemon/546/,546,
546,whimsicott,https://pokeapi.co/api/v2/pokemon/547/,547,
547,petilil,https://pokeapi.co/api/v2/pokemon/548/,548,
548,lilligant,https://pokeapi.co/api/v2/pokemon/549/,549,
549,basculin-red-striped,https://pokeapi.co/api/v2/pokemon/550/,550,
550,sandile,https://pokeapi.co/api/v2/pokemon/551/,551,
551,krokorok,https://pokeapi.co/api/v2/pokemon/552/,552,
552,krookodile,https://pokeapi.co/api/v2/pokemon/553/,553,
553,darumaka,https://pokeapi.co/api/v2/pokemon/554/,554,
554,darmanitan-standard,https://pokeapi.co/api/v2/pokemon/555/,555,
555,maractus,https://pokeapi.co/api/v2/pokemon/556/,556,
556,dwebble,https://pokeapi.co/api/v2/pokemon/557/,557,
557,crustle,https://pokeapi.co/api/v2/pokemon/558/,558,
558,scraggy,https://pokeapi.co/api/v2/pokemon/559/,559,
559,scrafty,https://pokeapi.co/api/v2/pokemon/560/,560,
560,sigilyph,https://pokeapi.co/api/v2/pokemon/561/,561,
561,yamask,https://pokeapi.co/api/v2/pokemon/562/,562,
562,cofagrigus,https://pokeapi.co/api/v2/pokemon/563/,563,
563,tirtouga,https://pokeapi.co/api/v2/pokemon/564/,564,
564,carracosta,https://pokeapi.co/api/v2/pokemon/565/,565,
565,archen,https://pokeapi.co/api/v2/pokemon/566/,566,
566,archeops,https://pokeapi.co/api/v2/pokemon/567/,567,
567,trubbish,https://pokeapi.co/api/v2/pokemon/568/,568,
568,garbodor,https://pokeapi.co/api/v2/pokemon/569/,569,
569,zorua,https://pokeapi.co/api/v2/pokemon/570/,570,
570,zoroark,https://pokeapi.co/api/v2/pokemon/571/,571,
571,minccino,https://pokeapi.co/api/v2/pokemon/572/,572,
572,cinccino,https://pokeapi.co/api/v2/pokemon/573/,573,
573,gothita,https://pokeapi.co/api/v2/pokemon/574/,574,
574,gothorita,https://pokeapi.co/api/v2/pokemon/575/,575,
575,gothitelle,https://pokeapi.co/api/v2/pokemon/576/,576,
576,solosis,https://pokeapi.co/api/v2/pokemon/577/,577,
577,duosion,https://pokeapi.co/api/v2/pokemon/578/,578,
578,reuniclus,https://pokeapi.co/api/v2/pokemon/579/,579,
579,ducklett,https://pokeapi.co/api/v2/pokemon/580/,580,
580,swanna,https://pokeapi.co/api/v2/pokemon/581/,581,
581,vanillite,https://pokeapi.co/api/v2/pokemon/582/,582,
582,vanillish,https://pokeapi.co/api/v2/pokemon/583/,583,
583,vanilluxe,https://pokeapi.co/api/v2/pokemon/584/,584,
584,deerling,https://pokeapi.co/api/v2/pokemon/585/,585,
585,sawsbuck,https://pokeapi.co/api/v2/pokemon/586/,586,
586,emolga,https://pokeapi.co/api/v2/pokemon/587/,587,
587,karrablast,https://pokeapi.co/api/v2/pokemon/588/,588,
588,escavalier,https://pokeapi.co/api/v2/pokemon/589/,589,
589,foongus,https://pokeapi.co/api/v2/pokemon/590/,590,
590,amoonguss,https://pokeapi.co/api/v2/pokemon/591/,591,
591,frillish,https://pokeapi.co/api/v2/pokemon/592/,592,
592,jellicent,https://pokeapi.co/api/v2/pokemon/593/,593,
593,alomomola,https://pokeapi.co/api/v2/pokemon/594/,594,
594,joltik,https://pokeapi.co/api/v2/pokemon/595/,595,
595,galvantula,https://pokeapi.co/api/v2/pokemon/596/,596,
596,ferroseed,https://pokeapi.co/api/v2/pokemon/597/,597,
597,ferrothorn,https://pokeapi.co/api/v2/pokemon/598/,598,
598,klink,https://pokeapi.co/api/v2/pokemon/599/,599,
599,klang,https://pokeapi.co/api/v2/pokemon/600/,600,
600,klinklang,https://pokeapi.co/api/v2/pokemon/601/,601,
601,tynamo,https://pokeapi.co/api/v2/pokemon/602/,602,
602,eelektrik,https://pokeapi.co/api/v2/pokemon/603/,603,
603,eelektross,https://pokeapi.co/api/v2/pokemon/604/,604,
604,elgyem,https://pokeapi.co/api/v2/pokemon/605/,605,
605,beheeyem,https://pokeapi.co/api/v2/pokemon/606/,606,
606,litwick,https://pokeapi.co/api/v2/pokemon/607/,607,
607,lampent,https://pokeapi.co/api/v2/pokemon/608/,608,
608,chandelure,https://pokeapi.co/api/v2/pokemon/609/,609,
609,axew,https://pokeapi.co/api/v2/pokemon/610/,610,
610,fraxure,https://pokeapi.co/api/v2/pokemon/611/,611,
611,haxorus,https://pokeapi.co/api/v2/pokemon/612/,612,
612,cubchoo,https://pokeapi.co/api/v2/pokemon/613/,613,
613,beartic,https://pokeapi.co/api/v2/pokemon/614/,614,
614,cryogonal,https://pokeapi.co/api/v2/pokemon/615/,615,
615,shelmet,https://pokeapi.co/api/v2/pokemon/616/,616,
616,accelgor,https://pokeapi.co/api/v2/pokemon/617/,617,
617,stunfisk,https://pokeapi.co/api/v2/pokemon/618/,618,
618,mienfoo,https://pokeapi.co/api/v2/pokemon/619/,619,
619,mienshao,https://pokeapi.co/api/v2/pokemon/620/,620,
620,druddigon,https://pokeapi.co/api/v2/pokemon/621/,621,
621,golett,https://pokeapi.co/api/v2/pokemon/622/,622,
622,golurk,https://pokeapi.co/api/v2/pokemon/623/,623,
623,pawniard,https://pokeapi.co/api/v2/pokemon/624/,624,
624,bisharp,https://pokeapi.co/api/v2/pokemon/625/,625,
625,bouffalant,https://pokeapi.co/api/v2/pokemon/626/,626,
626,rufflet,https://pokeapi.co/api/v2/pokemon/627/,627,
627,braviary,https://pokeapi.co/api/v2/pokemon/628/,628,
628,vullaby,https://pokeapi.co/api/v2/pokemon/629/,629,
629,mandibuzz,https://pokeapi.co/api/v2/pokemon/630/,630,
630,heatmor,https://pokeapi.co/api/v2/pokemon/631/,631,
631,durant,https://pokeapi.co/api/v2/pokemon/632/,632,
632,deino,https://pokeapi.co/api/v2/pokemon/633/,633,
633,zweilous,https://pokeapi.co/api/v2/pokemon/634/,634,
634,hydreigon,https://pokeapi.co/api/v2/pokemon/635/,635,
635,larvesta,https://pokeapi.co/api/v2/pokemon/636/,636,
636,volcarona,https://pokeapi.co/api/v2/pokemon/637/,637,
637,cobalion,https://pokeapi.co/api/v2/pokemon/638/,638,
638,terrakion,https://pokeapi.co/api/v2/pokemon/639/,639,
639,virizion,https://pokeapi.co/api/v2/pokemon/640/,640,
640,tornadus-incarnate,https://pokeapi.co/api/v2/pokemon/641/,641,
641,thundurus-incarnate,https://pokeapi.co/api/v2/pokemon/642/,642,
642,reshiram,https://pokeapi.co/api/v2/pokemon/643/,643,
643,zekrom,https://pokeapi.co/api/v2/pokemon/644/,644,
644,landorus-incarnate,https://pokeapi.co/api/v2/pokemon/645/,645,
645,kyurem,https://pokeapi.co/api/v2/pokemon/646/,646,
646,keldeo-ordinary,https://pokeapi.co/api/v2/pokemon/647/,647,
647,meloetta-aria,https://pokeapi.co/api/v2/pokemon/648/,648,
648,genesect,https://pokeapi.co/api/v2/pokemon/649/,649,
649,chespin,https://pokeapi.co/api/v2/pokemon/650/,650,
650,quilladin,https://pokeapi.co/api/v2/pokemon/651/,651,
651,chesnaught,https://pokeapi.co/api/v2/pokemon/652/,652,
652,fennekin,https://pokeapi.co/api/v2/pokemon/653/,653,
653,braixen,https://pokeapi.co/api/v2/pokemon/654/,654,
654,delphox,https://pokeapi.co/api/v2/pokemon/655/,655,
655,froakie,https://pokeapi.co/api/v2/pokemon/656/,656,
656,frogadier,https://pokeapi.co/api/v2/pokemon/657/,657,
657,greninja,https://pokeapi.co/api/v2/pokemon/658/,658,
658,bunnelby,https://pokeapi.co/api/v2/pokemon/659/,659,
659,diggersby,https://pokeapi.co/api/v2/pokemon/660/,660,
660,fletchling,https://pokeapi.co/api/v2/pokemon/661/,661,
661,fletchinder,https://pokeapi.co/api/v2/pokemon/662/,662,
662,talonflame,https://pokeapi.co/api/v2/pokemon/663/,663,
663,scatterbug,https://pokeapi.co/api/v2/pokemon/664/,664,
664,spewpa,https://pokeapi.co/api/v2/pokemon/665/,665,
665,vivillon,https://pokeapi.co/api/v2/pokemon/666/,666,
666,litleo,https://pokeapi.co/api/v2/pokemon/667/,667,
667,pyroar,https://pokeapi.co/api/v2/pokemon/668/,668,
668,flabebe,https://pokeapi.co/api/v2/pokemon/669/,669,
669,floette,https://pokeapi.co/api/v2/pokemon/670/,670,
670,florges,https://pokeapi.co/api/v2/pokemon/671/,671,
671,skiddo,https://pokeapi.co/api/v2/pokemon/672/,672,
672,gogoat,https://pokeapi.co/api/v2/pokemon/673/,673,
673,pancham,https://pokeapi.co/api/v2/pokemon/674/,674,
674,pangoro,https://pokeapi.co/api/v2/pokemon/675/,675,
675,furfrou,https://pokeapi.co/api/v2/pokemon/676/,676,
676,espurr,https://pokeapi.co/api/v2/pokemon/677/,677,
677,meowstic-male,https://pokeapi.co/api/v2/pokemon/678/,678,
678,honedge,https://pokeapi.co/api/v2/pokemon/679/,679,
679,doublade,https://pokeapi.co/api/v2/pokemon/680/,680,
680,aegislash-shield,https://pokeapi.co/api/v2/pokemon/681/,681,
681,spritzee,https://pokeapi.co/api/v2/pokemon/682/,682,
682,aromatisse,https://pokeapi.co/api/v2/pokemon/683/,683,
683,swirlix,https://pokeapi.co/api/v2/pokemon/684/,684,
684,slurpuff,https://pokeapi.co/api/v2/pokemon/685/,685,
685,inkay,https://pokeapi.co/api/v2/pokemon/686/,686,
686,malamar,https://pokeapi.co/api/v2/pokemon/687/,687,
687,binacle,https://pokeapi.co/api/v2/pokemon/688/,688,
688,barbaracle,https://pokeapi.co/api/v2/pokemon/689/,689,
689,skrelp,https://pokeapi.co/api/v2/pokemon/690/,690,
690,dragalge,https://pokeapi.co/api/v2/pokemon/691/,691,
691,clauncher,https://pokeapi.co/api/v2/pokemon/692/,692,
692,clawitzer,https://pokeapi.co/api/v2/pokemon/693/,693,
693,helioptile,https://pokeapi.co/api/v2/pokemon/694/,694,
694,heliolisk,https://pokeapi.co/api/v2/pokemon/695/,695,
695,tyrunt,https://pokeapi.co/api/v2/pokemon/696/,696,
696,tyrantrum,https://pokeapi.co/api/v2/pokemon/697/,697,
697,amaura,https://pokeapi.co/api/v2/pokemon/698/,698,
698,aurorus,https://pokeapi.co/api/v2/pokemon/699/,699,
699,sylveon,https://pokeapi.co/api/v2/pokemon/700/,700,
700,hawlucha,https://pokeapi.co/api/v2/pokemon/701/,701,
701,dedenne,https://pokeapi.co/api/v2/pokemon/702/,702,
702,carbink,https://pokeapi.co/api/v2/pokemon/703/,703,
703,goomy,https://pokeapi.co/api/v2/pokemon/704/,704,
704,sliggoo,https://pokeapi.co/api/v2/pokemon/705/,705,
705,goodra,https://pokeapi.co/api/v2/pokemon/706/,706,
706,klefki,https://pokeapi.co/api/v2/pokemon/707/,707,
707,phantump,https://pokeapi.co/api/v2/pokemon/708/,708,
708,trevenant,https://pokeapi.co/api/v2/pokemon/709/,709,
709,pumpkaboo-average,https://pokeapi.co/api/v2/pokemon/710/,710,
710,gourgeist-average,https://pokeapi.co/api/v2/pokemon/711/,711,
711,bergmite,https://pokeapi.co/api/v2/pokemon/712/,712,
712,avalugg,https://pokeapi.co/api/v2/pokemon/713/,713,
713,noibat,https://pokeapi.co/api/v2/pokemon/714/,714,
714,noivern,https://pokeapi.co/api/v2/pokemon/715/,715,
715,xerneas,https://pokeapi.co/api/v2/pokemon/716/,716,
716,yveltal,https://pokeapi.co/api/v2/pokemon/717/,717,
717,zygarde-50,https://pokeapi.co/api/v2/pokemon/718/,718,
718,diancie,https://pokeapi.co/api/v2/pokemon/719/,719,
719,hoopa,https://pokeapi.co/api/v2/pokemon/720/,720,
720,volcanion,https://pokeapi.co/api/v2/pokemon/721/,721,
721,rowlet,https://pokeapi.co/api/v2/pokemon/722/,722,
722,dartrix,https://pokeapi.co/api/v2/pokemon/723/,723,
723,decidueye,https://pokeapi.co/api/v2/pokemon/724/,724,
724,litten,https://pokeapi.co/api/v2/pokemon/725/,725,
725,torracat,https://pokeapi.co/api/v2/pokemon/726/,726,
726,incineroar,https://pokeapi.co/api/v2/pokemon/727/,727,
727,popplio,https://pokeapi.co/api/v2/pokemon/728/,728,
728,brionne,https://pokeapi.co/api/v2/pokemon/729/,729,
729,primarina,https://pokeapi.co/api/v2/pokemon/730/,730,
730,pikipek,https://pokeapi.co/api/v2/pokemon/731/,731,
731,trumbeak,https://pokeapi.co/api/v2/pokemon/732/,732,
732,toucannon,https://pokeapi.co/api/v2/pokemon/733/,733,
733,yungoos,https://pokeapi.co/api/v2/pokemon/734/,734,
734,gumshoos,https://pokeapi.co/api/v2/pokemon/735/,735,
735,grubbin,https://pokeapi.co/api/v2/pokemon/736/,736,
736,charjabug,https://pokeapi.co/api/v2/pokemon/737/,737,
737,vikavolt,https://pokeapi.co/api/v2/pokemon/738/,738,
738,crabrawler,https://pokeapi.co/api/v2/pokemon/739/,739,
739,crabominable,https://pokeapi.co/api/v2/pokemon/740/,740,
740,oricorio-baile,https://pokeapi.co/api/v2/pokemon/741/,741,
741,cutiefly,https://pokeapi.co/api/v2/pokemon/742/,742,
742,ribombee,https://pokeapi.co/api/v2/pokemon/743/,743,
743,rockruff,https://pokeapi.co/api/v2/pokemon/744/,744,
744,lycanroc-midday,https://pokeapi.co/api/v2/pokemon/745/,745,
745,wishiwashi-solo,https://pokeapi.co/api/v2/pokemon/746/,746,
746,mareanie,https://pokeapi.co/api/v2/pokemon/747/,747,
747,toxapex,https://pokeapi.co/api/v2/pokemon/748/,748,
748,mudbray,https://pokeapi.co/api/v2/pokemon/749/,749,
749,mudsdale,https://pokeapi.co/api/v2/pokemon/750/,750,
750,dewpider,https://pokeapi.co/api/v2/pokemon/751/,751,
751,araquanid,https://pokeapi.co/api/v2/pokemon/752/,752,
752,fomantis,https://pokeapi.co/api/v2/pokemon/753/,753,
753,lurantis,https://pokeapi.co/api/v2/pokemon/754/,754,
754,morelull,https://pokeapi.co/api/v2/pokemon/755/,755,
755,shiinotic,https://pokeapi.co/api/v2/pokemon/756/,756,
756,salandit,https://pokeapi.co/api/v2/pokemon/757/,757,
757,salazzle,https://pokeapi.co/api/v2/pokemon/758/,758,
758,stufful,https://pokeapi.co/api/v2/pokemon/759/,759,
759,bewear,https://pokeapi.co/api/v2/pokemon/760/,760,
760,bounsweet,https://pokeapi.co/api/v2/pokemon/761/,761,
761,steenee,https://pokeapi.co/api/v2/pokemon/762/,762,
762,tsareena,https://pokeapi.co/api/v2/pokemon/763/,763,
763,comfey,https://pokeapi.co/api/v2/pokemon/764/,764,
764,oranguru,https://pokeapi.co/api/v2/pokemon/765/,765,
765,passimian,https://pokeapi.co/api/v2/pokemon/766/,766,
766,wimpod,https://pokeapi.co/api/v2/pokemon/767/,767,
767,golisopod,https://pokeapi.co/api/v2/pokemon/768/,768,
768,sandygast,https://pokeapi.co/api/v2/pokemon/769/,769,
769,palossand,https://pokeapi.co/api/v2/pokemon/770/,770,
770,pyukumuku,https://pokeapi.co/api/v2/pokemon/771/,771,
771,type-null,https://pokeapi.co/api/v2/pokemon/772/,772,
772,silvally,https://pokeapi.co/api/v2/pokemon/773/,773,
773,minior-red-meteor,https://pokeapi.co/api/v2/pokemon/774/,774,
774,komala,https://pokeapi.co/api/v2/pokemon/775/,775,
775,turtonator,https://pokeapi.co/api/v2/pokemon/776/,776,
776,togedemaru,https://pokeapi.co/api/v2/pokemon/777/,777,
777,mimikyu-disguised,https://pokeapi.co/api/v2/pokemon/778/,778,
778,bruxish,https://pokeapi.co/api/v2/pokemon/779/,779,
779,drampa,https://pokeapi.co/api/v2/pokemon/780/,780,
780,dhelmise,https://pokeapi.co/api/v2/pokemon/781/,781,
781,jangmo-o,https://pokeapi.co/api/v2/pokemon/782/,782,
782,hakamo-o,https://pokeapi.co/api/v2/pokemon/783/,783,
783,kommo-o,https://pokeapi.co/api/v2/pokemon/784/,784,
784,tapu-koko,https://pokeapi.co/api/v2/pokemon/785/,785,
785,tapu-lele,https://pokeapi.co/api/v2/pokemon/786/,786,
786,tapu-bulu,https://pokeapi.co/api/v2/pokemon/787/,787,
787,tapu-fini,https://pokeapi.co/api/v2/pokemon/788/,788,
788,cosmog,https://pokeapi.co/api/v2/pokemon/789/,789,
789,cosmoem,https://pokeapi.co/api/v2/pokemon/790/,790,
790,solgaleo,https://pokeapi.co/api/v2/pokemon/791/,791,
791,lunala,https://pokeapi.co/api/v2/pokemon/792/,792,
792,nihilego,https://pokeapi.co/api/v2/pokemon/793/,793,
793,buzzwole,https://pokeapi.co/api/v2/pokemon/794/,794,
794,pheromosa,https://pokeapi.co/api/v2/pokemon/795/,795,
795,xurkitree,https://pokeapi.co/api/v2/pokemon/796/,796,
796,celesteela,https://pokeapi.co/api/v2/pokemon/797/,797,
797,kartana,https://pokeapi.co/api/v2/pokemon/798/,798,
798,guzzlord,https://pokeapi.co/api/v2/pokemon/799/,799,
799,necrozma,https://pokeapi.co/api/v2/pokemon/800/,800,
800,magearna,https://pokeapi.co/api/v2/pokemon/801/,801,
801,marshadow,https://pokeapi.co/api/v2/pokemon/802/,802,
802,poipole,https://pokeapi.co/api/v2/pokemon/803/,803,
803,naganadel,https://pokeapi.co/api/v2/pokemon/804/,804,
804,stakataka,https://pokeapi.co/api/v2/pokemon/805/,805,
805,blacephalon,https://pokeapi.co/api/v2/pokemon/806/,806,
806,zeraora,https://pokeapi.co/api/v2/pokemon/807/,807,
807,meltan,https://pokeapi.co/api/v2/pokemon/808/,808,
808,melmetal,https://pokeapi.co/api/v2/pokemon/809/,809,
809,grookey,https://pokeapi.co/api/v2/pokemon/810/,810,
810,thwackey,https://pokeapi.co/api/v2/pokemon/811/,811,
811,rillaboom,https://pokeapi.co/api/v2/pokemon/812/,812,
812,scorbunny,https://pokeapi.co/api/v2/pokemon/813/,813,
813,raboot,https://pokeapi.co/api/v2/pokemon/814/,814,
814,cinderace,https://pokeapi.co/api/v2/pokemon/815/,815,
815,sobble,https://pokeapi.co/api/v2/pokemon/816/,816,
816,drizzile,https://pokeapi.co/api/v2/pokemon/817/,817,
817,inteleon,https://pokeapi.co/api/v2/pokemon/818/,818,
818,skwovet,https://pokeapi.co/api/v2/pokemon/819/,819,
819,greedent,https://pokeapi.co/api/v2/pokemon/820/,820,
820,rookidee,https://pokeapi.co/api/v2/pokemon/821/,821,
821,corvisquire,https://pokeapi.co/api/v2/pokemon/822/,822,
822,corviknight,https://pokeapi.co/api/v2/pokemon/823/,823,
823,blipbug,https://pokeapi.co/api/v2/pokemon/824/,824,
824,dottler,https://pokeapi.co/api/v2/pokemon/825/,825,
825,orbeetle,https://pokeapi.co/api/v2/pokemon/826/,826,
826,nickit,https://pokeapi.co/api/v2/pokemon/827/,827,
827,thievul,https://pokeapi.co/api/v2/pokemon/828/,828,
828,gossifleur,https://pokeapi.co/api/v2/pokemon/829/,829,
829,eldegoss,https://pokeapi.co/api/v2/pokemon/830/,830,
830,wooloo,https://pokeapi.co/api/v2/pokemon/831/,831,
831,dubwool,https://pokeapi.co/api/v2/pokemon/832/,832,
832,chewtle,https://pokeapi.co/api/v2/pokemon/833/,833,
833,drednaw,https://pokeapi.co/api/v2/pokemon/834/,834,
834,yamper,https://pokeapi.co/api/v2/pokemon/835/,835,
835,boltund,https://pokeapi.co/api/v2/pokemon/836/,836,
836,rolycoly,https://pokeapi.co/api/v2/pokemon/837/,837,
837,carkol,https://pokeapi.co/api/v2/pokemon/838/,838,
838,coalossal,https://pokeapi.co/api/v2/pokemon/839/,839,
839,applin,https://pokeapi.co/api/v2/pokemon/840/,840,
840,flapple,https://pokeapi.co/api/v2/pokemon/841/,841,
841,appletun,https://pokeapi.co/api/v2/pokemon/842/,842,
842,silicobra,https://pokeapi.co/api/v2/pokemon/843/,843,
843,sandaconda,https://pokeapi.co/api/v2/pokemon/844/,844,
844,cramorant,https://pokeapi.co/api/v2/pokemon/845/,845,
845,arrokuda,https://pokeapi.co/api/v2/pokemon/846/,846,
846,barraskewda,https://pokeapi.co/api/v2/pokemon/847/,847,
847,toxel,https://pokeapi.co/api/v2/pokemon/848/,848,
848,toxtricity-amped,https://pokeapi.co/api/v2/pokemon/849/,849,
849,sizzlipede,https://pokeapi.co/api/v2/pokemon/850/,850,
850,centiskorch,https://pokeapi.co/api/v2/pokemon/851/,851,
851,clobbopus,https://pokeapi.co/api/v2/pokemon/852/,852,
852,grapploct,https://pokeapi.co/api/v2/pokemon/853/,853,
853,sinistea,https://pokeapi.co/api/v2/pokemon/854/,854,
854,polteageist,https://pokeapi.co/api/v2/pokemon/855/,855,
855,hatenna,https://pokeapi.co/api/v2/pokemon/856/,856,
856,hattrem,https://pokeapi.co/api/v2/pokemon/857/,857,
857,hatterene,https://pokeapi.co/api/v2/pokemon/858/,858,
858,impidimp,https://pokeapi.co/api/v2/pokemon/859/,859,
859,morgrem,https://pokeapi.co/api/v2/pokemon/860/,860,
860,grimmsnarl,https://pokeapi.co/api/v2/pokemon/861/,861,
861,obstagoon,https://pokeapi.co/api/v2/pokemon/862/,862,
862,perrserker,https://pokeapi.co/api/v2/pokemon/863/,863,
863,cursola,https://pokeapi.co/api/v2/pokemon/864/,864,
864,sirfetchd,https://pokeapi.co/api/v2/pokemon/865/,865,
865,mr-rime,https://pokeapi.co/api/v2/pokemon/866/,866,
866,runerigus,https://pokeapi.co/api/v2/pokemon/867/,867,
867,milcery,https://pokeapi.co/api/v2/pokemon/868/,868,
868,alcremie,https://pokeapi.co/api/v2/pokemon/869/,869,
869,falinks,https://pokeapi.co/api/v2/pokemon/870/,870,
870,pincurchin,https://pokeapi.co/api/v2/pokemon/871/,871,
871,snom,https://pokeapi.co/api/v2/pokemon/872/,872,
872,frosmoth,https://pokeapi.co/api/v2/pokemon/873/,873,
873,stonjourner,https://pokeapi.co/api/v2/pokemon/874/,874,
874,eiscue-ice,https://pokeapi.co/api/v2/pokemon/875/,875,
875,indeedee-male,https://pokeapi.co/api/v2/pokemon/876/,876,
876,morpeko-full-belly,https://pokeapi.co/api/v2/pokemon/877/,877,
877,cufant,https://pokeapi.co/api/v2/pokemon/878/,878,
878,copperajah,https://pokeapi.co/api/v2/pokemon/879/,879,
879,dracozolt,https://pokeapi.co/api/v2/pokemon/880/,880,
880,arctozolt,https://pokeapi.co/api/v2/pokemon/881/,881,
881,dracovish,https://pokeapi.co/api/v2/pokemon/882/,882,
882,arctovish,https://pokeapi.co/api/v2/pokemon/883/,883,
883,duraludon,https://pokeapi.co/api/v2/pokemon/884/,884,
884,dreepy,https://pokeapi.co/api/v2/pokemon/885/,885,
885,drakloak,https://pokeapi.co/api/v2/pokemon/886/,886,
886,dragapult,https://pokeapi.co/api/v2/pokemon/887/,887,
887,zacian,https://pokeapi.co/api/v2/pokemon/888/,888,
888,zamazenta,https://pokeapi.co/api/v2/pokemon/889/,889,
889,eternatus,https://pokeapi.co/api/v2/pokemon/890/,890,
890,kubfu,https://pokeapi.co/api/v2/pokemon/891/,891,
891,urshifu-single-strike,https://pokeapi.co/api/v2/pokemon/892/,892,
892,zarude,https://pokeapi.co/api/v2/pokemon/893/,893,
893,regieleki,https://pokeapi.co/api/v2/pokemon/894/,894,
894,regidrago,https://pokeapi.co/api/v2/pokemon/895/,895,
895,glastrier,https://pokeapi.co/api/v2/pokemon/896/,896,
896,spectrier,https://pokeapi.co/api/v2/pokemon/897/,897,
897,calyrex,https://pokeapi.co/api/v2/pokemon/898/,898,
988,rattata-alola,https://pokeapi.co/api/v2/pokemon/10091/,19,alola
989,raticate-alola,https://pokeapi.co/api/v2/pokemon/10092/,20,alola
996,pikachu-alola-cap,https://pokeapi.co/api/v2/pokemon/10099/,25,alola
997,raichu-alola,https://pokeapi.co/api/v2/pokemon/10100/,26,alola
998,sandshrew-alola,https://pokeapi.co/api/v2/pokemon/10101/,27,alola
999,sandslash-alola,https://pokeapi.co/api/v2/pokemon/10102/,28,alola
1000,vulpix-alola,https://pokeapi.co/api/v2/pokemon/10103/,37,alola
1001,ninetales-alola,https://pokeapi.co/api/v2/pokemon/10104/,38,alola
1002,diglett-alola,https://pokeapi.co/api/v2/pokemon/10105/,50,alola
1003,dugtrio-alola,https://pokeapi.co/api/v2/pokemon/10106/,51,alola
1004,meowth-alola,https://pokeapi.co/api/v2/pokemon/10107/,52,alola
1005,persian-alola,https://pokeapi.co/api/v2/pokemon/10108/,53,alola
1006,geodude-alola,https://pokeapi.co/api/v2/pokemon/10109/,74,alola
1007,graveler-alola,https://pokeapi.co/api/v2/pokemon/10110/,75,alola
1008,golem-alola,https://pokeapi.co/api/v2/pokemon/10111/,76,alola
1009,grimer-alola,https://pokeapi.co/api/v2/pokemon/10112/,88,alola
1010,muk-alola,https://pokeapi.co/api/v2/pokemon/10113/,89,alola
1011,exeggutor-alola,https://pokeapi.co/api/v2/pokemon/10114/,103,alola
1012,marowak-alola,https://pokeapi.co/api/v2/pokemon/10115/,105,alola
1058,meowth-galar,https://pokeapi.co/api/v2/pokemon/10161/,52,galar
1059,ponyta-galar,https://pokeapi.co/api/v2/pokemon/10162/,77,galar
1060,rapidash-galar,https://pokeapi.co/api/v2/pokemon/10163/,78,galar
1061,slowpoke-galar,https://pokeapi.co/api/v2/pokemon/10164/,79,galar
1062,slowbro-galar,https://pokeapi.co/api/v2/pokemon/10165/,80,galar
1063,farfetchd-galar,https://pokeapi.co/api/v2/pokemon/10166/,83,galar
1064,weezing-galar,https://pokeapi.co/api/v2/pokemon/10167/,110,galar
1066,articuno-galar,https://pokeapi.co/api/v2/pokemon/10169/,144,galar
1067,zapdos-galar,https://pokeapi.co/api/v2/pokemon/10170/,145,galar
1068,moltres-galar,https://pokeapi.co/api/v2/pokemon/10171/,146,galar
1069,slowking-galar,https://pokeapi.co/api/v2/pokemon/10172/,199,galar
1070,corsola-galar,https://pokeapi.co/api/v2/pokemon/10173/,222,galar
1071,zigzagoon-galar,https://pokeapi.co/api/v2/pokemon/10174/,263,galar
1072,linoone-galar,https://pokeapi.co/api/v2/pokemon/10175/,264,galar
1073,darumaka-galar,https://pokeapi.co/api/v2/pokemon/10176/,554,galar
1074,darmanitan-galar-standard,https://pokeapi.co/api/v2/pokemon/10177/,555,galar
1075,darmanitan-galar-zen,https://pokeapi.co/api/v2/pokemon/10178/,555,galar
1076,yamask-galar,https://pokeapi.co/api/v2/pokemon/10179/,562,galar
1077,stunfisk-galar,https://pokeapi.co/api/v2/pokemon/10180/,618,galar
0,Growlithe,,58,hisui
1,Arcanine,,59,hisui
2,Braviary,,628,hisui
3,Zorua,,570,hisui
4,Zoroark,,571,hisui
5,Voltorb,,100,hisui
6,Electrode,,101,hisui
7,Sneasel,,215,hisui
8,Sliggoo,,705,hisui
9,Goodra,,706,hisui
10,Qwilfish,,211,hisui
11,Liligant,,549,hisui
12,Samurott,,503,hisui
13,Typhlosion,,157,hisui
14,Decidueye,,724,hisui
15,Avalugg,,713,hisui
16,Wyrdeer,,899,
17,Kleavor,,900,
18,Ursaluna,,901,
19,Basculegion,,902,
20,Sneasler,,903,
21,Overqwil,,904,
22,Enamorus,,905,
